window,is_start,is_end,oos_start,oos_end,chn_len,stp_pct,is_score,is_net_profit,is_max_drawdown,is_num_trades
0,01/03/1983,01/30/1984,01/31/1984,03/02/1984,500,0.01,0.95,3562.5,3750.0,27
1,02/02/1983,03/02/1984,03/02/1984,04/04/1984,500,0.01,0.9333333333333333,3500.0,3750.0,26
2,03/08/1983,04/04/1984,04/04/1984,05/08/1984,1500,0.01,0.7948717948717948,2906.25,3656.25,14
3,04/11/1983,05/08/1984,05/08/1984,06/08/1984,1500,0.01,0.8888888888888888,3250.0,3656.25,14
4,05/12/1983,06/08/1984,06/11/1984,07/12/1984,1500,0.01,1.0341880341880343,3781.25,3656.25,15
5,06/14/1983,07/12/1984,07/12/1984,08/14/1984,1500,0.01,0.5726495726495726,2093.75,3656.25,14
6,07/18/1983,08/14/1984,08/14/1984,09/17/1984,500,0.01,0.7416666666666667,2781.25,3750.0,29
7,08/18/1983,09/17/1984,09/17/1984,10/17/1984,1000,0.02,1.065040650406504,4093.75,3843.75,12
8,09/21/1983,10/17/1984,10/18/1984,11/19/1984,1000,0.02,1.1056910569105691,4250.0,3843.75,12
9,10/21/1983,11/19/1984,11/19/1984,12/21/1984,1000,0.01,1.5730337078651686,4375.0,2781.25,20
10,11/23/1983,12/21/1984,12/21/1984,01/25/1985,1000,0.01,2.247191011235955,6250.0,2781.25,19
11,12/28/1983,01/25/1985,01/25/1985,02/27/1985,1000,0.01,2.662921348314607,7406.25,2781.25,18
12,01/31/1984,02/27/1985,02/28/1985,04/01/1985,1000,0.01,2.191011235955056,6093.75,2781.25,21
13,03/02/1984,04/01/1985,04/01/1985,05/03/1985,1000,0.01,1.6944444444444444,3812.5,2250.0,22
14,04/04/1984,05/03/1985,05/03/1985,06/06/1985,1000,0.01,2.861111111111111,6437.5,2250.0,21
15,05/08/1984,06/06/1985,06/06/1985,07/09/1985,1500,0.02,3.5977011494252875,9781.25,2718.75,8
16,06/11/1984,07/09/1985,07/10/1985,08/09/1985,1000,0.01,2.7464788732394365,6093.75,2218.75,22
17,07/12/1984,08/09/1985,08/09/1985,09/12/1985,1000,0.01,2.816901408450704,6250.0,2218.75,20
18,08/14/1984,09/12/1985,09/12/1985,10/15/1985,1000,0.01,2.9014084507042255,6437.5,2218.75,20
19,09/17/1984,10/15/1985,10/15/1985,11/14/1985,1000,0.01,2.5301204819277108,6562.5,2593.75,19
20,10/18/1984,11/14/1985,11/15/1985,12/18/1985,1000,0.01,2.746987951807229,7125.0,2593.75,18
21,11/19/1984,12/18/1985,12/18/1985,01/22/1986,1000,0.01,3.0240963855421685,7843.75,2593.75,18
22,12/21/1984,01/22/1986,01/22/1986,02/25/1986,1000,0.01,2.927710843373494,7593.75,2593.75,21
23,01/25/1985,02/25/1986,02/25/1986,03/27/1986,1000,0.01,3.7590361445783134,9750.0,2593.75,20
24,02/28/1985,03/27/1986,03/31/1986,04/30/1986,1000,0.01,3.4444444444444446,9687.5,2812.5,20
25,04/01/1985,04/30/1986,04/30/1986,06/03/1986,1000,0.01,2.922222222222222,8218.75,2812.5,21
26,05/03/1985,06/03/1986,06/03/1986,07/07/1986,1000,0.01,2.603448275862069,9437.5,3625.0,21
27,06/06/1985,07/07/1986,07/07/1986,08/06/1986,1000,0.01,1.6810344827586208,6093.75,3625.0,22
28,07/10/1985,08/06/1986,08/07/1986,09/09/1986,500,0.01,1.0802469135802468,5468.75,5062.5,32
29,08/09/1985,09/09/1986,09/09/1986,10/10/1986,500,0.02,1.1486486486486487,7968.75,6937.5,20
30,09/12/1985,10/10/1986,10/10/1986,11/12/1986,500,0.01,1.4245810055865922,7968.75,5593.75,32
31,10/15/1985,11/12/1986,11/12/1986,12/15/1986,500,0.01,1.318435754189944,7375.0,5593.75,32
32,11/15/1985,12/15/1986,12/16/1986,01/19/1987,500,0.01,1.0670391061452513,5968.75,5593.75,32
33,12/18/1985,01/19/1987,01/19/1987,02/20/1987,500,0.01,0.32275132275132273,1906.25,5906.25,33
34,01/22/1986,02/20/1987,02/20/1987,03/25/1987,1000,0.02,0.4925373134328358,3093.75,6281.25,12
35,02/25/1986,03/25/1987,03/25/1987,04/27/1987,500,0.02,-0.26953125,-2156.25,8000.0,21
36,03/31/1986,04/27/1987,04/28/1987,05/29/1987,1000,0.02,0.28217821782178215,1781.25,6312.5,12
37,04/30/1986,05/29/1987,05/29/1987,07/01/1987,1000,0.01,0.2510822510822511,1812.5,7218.75,20
38,06/03/1986,07/01/1987,07/01/1987,08/04/1987,1000,0.01,0.28717948717948716,1750.0,6093.75,19
39,07/07/1986,08/04/1987,08/04/1987,09/03/1987,1500,0.01,0.8160919540229885,4437.5,5437.5,12
40,08/07/1986,09/03/1987,09/04/1987,10/07/1987,1500,0.01,1.40625,7031.25,5000.0,11
41,09/09/1986,10/07/1987,10/07/1987,11/09/1987,1500,0.01,1.4661654135338347,6093.75,4156.25,12
42,10/10/1986,11/09/1987,11/09/1987,12/11/1987,1500,0.01,2.026315789473684,7218.75,3562.5,16
43,11/12/1986,12/11/1987,12/11/1987,01/14/1988,1500,0.01,2.3884297520661155,9031.25,3781.25,15
44,12/16/1986,01/14/1988,01/15/1988,02/17/1988,1500,0.01,1.9173553719008265,7250.0,3781.25,17
45,01/19/1987,02/17/1988,02/17/1988,03/21/1988,1500,0.01,2.8852459016393444,11000.0,3812.5,17
46,02/20/1987,03/21/1988,03/21/1988,04/22/1988,1500,0.01,3.19672131147541,12187.5,3812.5,17
47,03/25/1987,04/22/1988,04/22/1988,05/24/1988,500,0.01,2.12,9937.5,4687.5,29
48,04/28/1987,05/24/1988,05/25/1988,06/27/1988,1500,0.01,2.30327868852459,8781.25,3812.5,15
49,05/29/1987,06/27/1988,06/27/1988,07/29/1988,500,0.01,2.066666666666667,9687.5,4687.5,27
50,07/01/1987,07/29/1988,07/29/1988,08/31/1988,500,0.01,1.9133333333333333,8968.75,4687.5,27
51,08/04/1987,08/31/1988,08/31/1988,10/03/1988,500,0.01,1.7933333333333332,8406.25,4687.5,28
52,09/04/1987,10/03/1988,10/04/1988,11/03/1988,500,0.01,1.2066666666666668,5656.25,4687.5,28
53,10/07/1987,11/03/1988,11/03/1988,12/05/1988,500,0.01,1.0733333333333333,5031.25,4687.5,26
54,11/09/1987,12/05/1988,12/05/1988,01/04/1989,1000,0.01,1.2647058823529411,4031.25,3187.5,17
55,12/11/1987,01/04/1989,01/04/1989,02/02/1989,1000,0.01,0.788135593220339,2906.25,3687.5,16
56,01/15/1988,02/02/1989,02/02/1989,03/03/1989,500,0.01,0.17687074829931973,812.5,4593.75,24
57,02/17/1988,03/03/1989,03/03/1989,04/04/1989,500,0.01,0.7619047619047619,3500.0,4593.75,21
58,03/21/1988,04/04/1989,04/04/1989,05/02/1989,1000,0.01,0.21678321678321677,968.75,4468.75,16
59,04/22/1988,05/02/1989,05/02/1989,06/01/1989,500,0.01,-0.2,-1218.75,6093.75,25
60,05/25/1988,06/01/1989,06/01/1989,06/29/1989,1500,0.02,0.3055555555555556,1031.25,3375.0,6
61,06/27/1988,06/29/1989,06/29/1989,07/31/1989,1500,0.02,1.0,3531.25,3531.25,6
62,07/29/1988,07/31/1989,07/31/1989,08/28/1989,1500,0.02,2.5462962962962963,8593.75,3375.0,4
63,08/31/1988,08/28/1989,08/28/1989,09/27/1989,1500,0.02,2.212962962962963,7468.75,3375.0,5
64,10/04/1988,09/27/1989,09/27/1989,10/25/1989,1500,0.02,2.037037037037037,6875.0,3375.0,5
65,11/03/1988,10/25/1989,10/25/1989,11/24/1989,1500,0.02,1.7777777777777777,6000.0,3375.0,5
66,12/05/1988,11/24/1989,11/24/1989,12/22/1989,1500,0.02,1.7592592592592593,5937.5,3375.0,5
67,01/04/1989,12/22/1989,12/22/1989,01/23/1990,1500,0.02,2.917525773195876,8843.75,3031.25,3
68,02/02/1989,01/23/1990,01/24/1990,02/22/1990,1500,0.02,2.5876288659793816,7843.75,3031.25,4
69,03/03/1989,02/22/1990,02/22/1990,03/22/1990,1500,0.02,3.1649484536082473,9593.75,3031.25,4
70,04/04/1989,03/22/1990,03/22/1990,04/23/1990,1500,0.02,2.2452830188679247,7437.5,3312.5,4
71,05/02/1989,04/23/1990,04/23/1990,05/21/1990,1500,0.02,2.311320754716981,7656.25,3312.5,4
72,06/01/1989,05/21/1990,05/21/1990,06/20/1990,1500,0.02,0.9245283018867925,3062.5,3312.5,5
73,06/29/1989,06/20/1990,06/20/1990,07/19/1990,1500,0.02,1.1415094339622642,3781.25,3312.5,5
74,07/31/1989,07/19/1990,07/19/1990,08/17/1990,500,0.02,0.7610062893081762,3781.25,4968.75,14
75,08/28/1989,08/17/1990,08/17/1990,09/17/1990,500,0.02,0.31446540880503143,1562.5,4968.75,16
76,09/27/1989,09/17/1990,09/17/1990,10/16/1990,500,0.02,0.2641509433962264,1312.5,4968.75,16
77,10/25/1989,10/16/1990,10/16/1990,11/13/1990,1500,0.02,-0.16201117318435754,-906.25,5593.75,7
78,11/24/1989,11/13/1990,11/13/1990,12/13/1990,1500,0.02,0.5027932960893855,2812.5,5593.75,6
79,12/22/1989,12/13/1990,12/13/1990,01/14/1991,1500,0.02,0.4581005586592179,2562.5,5593.75,6
80,01/24/1990,01/14/1991,01/14/1991,02/12/1991,1500,0.02,0.17318435754189945,968.75,5593.75,6
81,02/22/1990,02/12/1991,02/12/1991,03/13/1991,1500,0.02,-0.0670391061452514,-375.0,5593.75,7
82,03/22/1990,03/13/1991,03/13/1991,04/12/1991,500,0.01,0.5263157894736842,2500.0,4750.0,22
83,04/23/1990,04/12/1991,04/12/1991,05/10/1991,500,0.01,-0.24342105263157895,-1156.25,4750.0,25
84,05/21/1990,05/10/1991,05/10/1991,06/11/1991,1500,0.02,-0.4540540540540541,-2625.0,5781.25,7
85,06/20/1990,06/11/1991,06/11/1991,07/10/1991,1500,0.02,-0.22608695652173913,-1625.0,7187.5,8
86,07/19/1990,07/10/1991,07/10/1991,08/08/1991,1500,0.02,-0.19130434782608696,-1375.0,7187.5,7
87,08/17/1990,08/08/1991,08/08/1991,09/06/1991,500,0.01,-0.06806282722513089,-406.25,5968.75,22
88,09/17/1990,09/06/1991,09/06/1991,10/04/1991,1000,0.02,-0.008403361344537815,-62.5,7437.5,10
89,10/16/1990,10/04/1991,10/04/1991,11/04/1991,1500,0.02,0.16956521739130434,1218.75,7187.5,7
90,11/13/1990,11/04/1991,11/04/1991,12/03/1991,1000,0.01,-0.4847161572052402,-3468.75,7156.25,16
91,12/13/1990,12/03/1991,12/03/1991,01/03/1992,1500,0.01,-0.10119047619047619,-531.25,5250.0,11
92,01/14/1991,01/03/1992,01/03/1992,01/31/1992,1000,0.02,0.3696969696969697,1906.25,5156.25,9
93,02/12/1991,01/31/1992,01/31/1992,03/03/1992,1500,0.01,0.43243243243243246,2000.0,4625.0,10
94,03/13/1991,03/03/1992,03/03/1992,03/31/1992,1000,0.02,1.1472868217054264,4625.0,4031.25,8
95,04/12/1991,03/31/1992,03/31/1992,04/30/1992,1000,0.02,1.3643410852713178,5500.0,4031.25,7
96,05/10/1991,04/30/1992,04/30/1992,05/29/1992,1000,0.01,1.3737373737373737,4250.0,3093.75,13
97,06/11/1991,05/29/1992,05/29/1992,06/29/1992,1500,0.02,1.4186046511627908,5718.75,4031.25,4
98,07/10/1991,06/29/1992,06/29/1992,07/28/1992,1500,0.02,0.9069767441860465,3656.25,4031.25,5
99,08/08/1991,07/28/1992,07/28/1992,08/26/1992,1500,0.01,1.6756756756756757,5812.5,3468.75,9
100,09/06/1991,08/26/1992,08/26/1992,09/24/1992,500,0.02,1.2773109243697478,4750.0,3718.75,16
101,10/04/1991,09/24/1992,09/24/1992,10/23/1992,1500,0.02,1.034965034965035,4625.0,4468.75,5
102,11/04/1991,10/23/1992,10/23/1992,11/20/1992,1500,0.02,0.44221105527638194,2750.0,6218.75,6
103,12/03/1991,11/20/1992,11/20/1992,12/22/1992,500,0.02,0.4634146341463415,2968.75,6406.25,17
104,01/03/1992,12/22/1992,12/22/1992,01/21/1993,1500,0.02,0.2864321608040201,1781.25,6218.75,6
105,01/31/1992,01/21/1993,01/21/1993,02/22/1993,1500,0.02,0.2315270935960591,1468.75,6343.75,6
106,03/03/1992,02/22/1993,02/22/1993,03/22/1993,1500,0.02,0.7586206896551724,4812.5,6343.75,5
107,03/31/1992,03/22/1993,03/22/1993,04/20/1993,1500,0.02,0.22660098522167488,1437.5,6343.75,7
108,04/30/1992,04/20/1993,04/21/1993,05/19/1993,1500,0.02,0.4729064039408867,3000.0,6343.75,6
109,05/29/1992,05/19/1993,05/19/1993,06/17/1993,1500,0.02,0.270935960591133,1718.75,6343.75,7
110,06/29/1992,06/17/1993,06/17/1993,07/19/1993,1500,0.02,-0.4630541871921182,-2937.5,6343.75,7
111,07/28/1992,07/19/1993,07/19/1993,08/16/1993,1500,0.02,-0.25,-1531.25,6125.0,7
112,08/26/1992,08/16/1993,08/16/1993,09/15/1993,1500,0.02,-0.30165289256198347,-2281.25,7562.5,8
113,09/24/1992,09/15/1993,09/15/1993,10/13/1993,1000,0.02,-0.09292035398230089,-656.25,7062.5,9
114,10/23/1992,10/13/1993,10/13/1993,11/11/1993,1000,0.02,-0.12389380530973451,-875.0,7062.5,9
115,11/20/1992,11/11/1993,11/11/1993,12/10/1993,1000,0.02,0.19911504424778761,1406.25,7062.5,9
116,12/22/1992,12/10/1993,12/10/1993,01/11/1994,1000,0.02,0.3495575221238938,2468.75,7062.5,8
117,01/21/1993,01/11/1994,01/11/1994,02/08/1994,1000,0.02,-0.11061946902654868,-781.25,7062.5,9
118,02/22/1993,02/08/1994,02/08/1994,03/10/1994,1000,0.02,-0.23809523809523808,-1406.25,5906.25,9
119,03/22/1993,03/10/1994,03/10/1994,04/08/1994,1000,0.02,1.3035714285714286,4562.5,3500.0,7
120,04/21/1993,04/08/1994,04/08/1994,05/10/1994,1000,0.02,2.933333333333333,8250.0,2812.5,6
121,05/19/1993,05/10/1994,05/10/1994,06/08/1994,1500,0.02,2.196261682242991,7343.75,3343.75,6
122,06/17/1993,06/08/1994,06/08/1994,07/08/1994,1500,0.02,1.3271028037383177,4437.5,3343.75,7
123,07/19/1993,07/08/1994,07/08/1994,08/05/1994,1500,0.02,2.606060606060606,8062.5,3093.75,5
124,08/16/1993,08/05/1994,08/05/1994,09/06/1994,1500,0.02,0.7152317880794702,3375.0,4718.75,6
125,09/15/1993,09/06/1994,09/06/1994,10/04/1994,1500,0.02,0.4186046511627907,2250.0,5375.0,7
126,10/13/1993,10/04/1994,10/04/1994,11/02/1994,1500,0.02,0.6373626373626373,3625.0,5687.5,6
127,11/11/1993,11/02/1994,11/02/1994,12/01/1994,1500,0.01,1.4787234042553192,4343.75,2937.5,10
128,12/10/1993,12/01/1994,12/01/1994,12/30/1994,1500,0.01,1.0784313725490196,3437.5,3187.5,11
129,01/11/1994,12/30/1994,12/30/1994,02/01/1995,1500,0.01,1.1454545454545455,3937.5,3437.5,10
130,02/08/1994,02/01/1995,02/01/1995,03/02/1995,1000,0.02,-0.2647058823529412,-2812.5,10625.0,10
131,03/10/1994,03/02/1995,03/02/1995,03/31/1995,1000,0.02,-0.3735294117647059,-3968.75,10625.0,10
132,04/08/1994,03/31/1995,03/31/1995,05/01/1995,1000,0.02,-0.4198473282442748,-3437.5,8187.5,9
133,05/10/1994,05/01/1995,05/01/1995,05/31/1995,1500,0.02,-0.0967741935483871,-562.5,5812.5,5
134,06/08/1994,05/31/1995,05/31/1995,06/28/1995,1500,0.02,0.5591397849462365,3250.0,5812.5,5
135,07/08/1994,06/28/1995,06/28/1995,07/28/1995,1500,0.02,1.2204301075268817,7093.75,5812.5,4
136,08/05/1994,07/28/1995,07/28/1995,08/25/1995,1500,0.02,0.9838709677419355,5718.75,5812.5,5
137,09/06/1994,08/25/1995,08/25/1995,09/26/1995,1500,0.02,0.6182795698924731,3593.75,5812.5,5
138,10/04/1994,09/26/1995,09/26/1995,10/25/1995,1500,0.02,0.43548387096774194,2531.25,5812.5,6
139,11/02/1994,10/25/1995,10/25/1995,11/24/1995,1500,0.02,1.563758389261745,7281.25,4656.25,4
140,12/01/1994,11/24/1995,11/24/1995,12/22/1995,1500,0.02,1.691275167785235,7875.0,4656.25,4
141,12/30/1994,12/22/1995,12/22/1995,01/25/1996,1500,0.02,2.335570469798658,10875.0,4656.25,3
142,02/01/1995,01/25/1996,01/25/1996,02/23/1996,1500,0.02,1.912751677852349,8906.25,4656.25,3
143,03/02/1995,02/23/1996,02/23/1996,03/25/1996,1500,0.02,1.563758389261745,7281.25,4656.25,4
144,03/31/1995,03/25/1996,03/25/1996,04/23/1996,1500,0.02,2.1073825503355703,9812.5,4656.25,4
145,05/01/1995,04/23/1996,04/23/1996,05/22/1996,1500,0.02,1.4899328859060403,6937.5,4656.25,4
146,05/31/1995,05/22/1996,05/22/1996,06/20/1996,1500,0.02,2.8117647058823527,7468.75,2656.25,3
147,06/28/1995,06/20/1996,06/20/1996,07/19/1996,1500,0.02,3.7529411764705882,9968.75,2656.25,2
148,07/28/1995,07/19/1996,07/22/1996,08/19/1996,1500,0.02,2.1048387096774195,8156.25,3875.0,3
149,08/25/1995,08/19/1996,08/19/1996,09/17/1996,1500,0.02,1.7244094488188977,6843.75,3968.75,3
150,09/26/1995,09/17/1996,09/17/1996,10/17/1996,1500,0.02,0.84472049689441,4250.0,5031.25,5
151,10/25/1995,10/17/1996,10/17/1996,11/15/1996,1500,0.02,0.8068181818181818,4437.5,5500.0,5
152,11/24/1995,11/15/1996,11/15/1996,12/17/1996,1500,0.02,0.8806818181818182,4843.75,5500.0,5
153,12/22/1995,12/17/1996,12/17/1996,01/16/1997,1000,0.02,0.7719298245614035,5500.0,7125.0,9
154,01/25/1996,01/16/1997,01/16/1997,02/18/1997,1500,0.02,0.9318181818181818,5125.0,5500.0,5
155,02/23/1996,02/18/1997,02/18/1997,03/18/1997,1000,0.02,0.15350877192982457,1093.75,7125.0,9
156,03/25/1996,03/18/1997,03/18/1997,04/17/1997,1000,0.02,0.29385964912280704,2093.75,7125.0,10
157,04/23/1996,04/17/1997,04/17/1997,05/15/1997,1500,0.01,0.8072289156626506,2093.75,2593.75,9
158,05/22/1996,05/15/1997,05/15/1997,06/16/1997,1500,0.01,1.8709677419354838,3625.0,1937.5,9
159,06/20/1996,06/16/1997,06/16/1997,07/15/1997,1000,0.01,3.6379310344827585,6593.75,1812.5,10
160,07/22/1996,07/15/1997,07/15/1997,08/13/1997,1000,0.01,3.310344827586207,6000.0,1812.5,10
161,08/19/1996,08/13/1997,08/13/1997,09/11/1997,1000,0.01,3.1551724137931036,5718.75,1812.5,9
162,09/17/1996,09/11/1997,09/11/1997,10/10/1997,1000,0.01,2.603448275862069,4718.75,1812.5,9
163,10/17/1996,10/10/1997,10/10/1997,11/10/1997,1000,0.01,2.5517241379310347,4625.0,1812.5,10
164,11/15/1996,11/10/1997,11/10/1997,12/11/1997,1000,0.02,1.5340909090909092,4218.75,2750.0,7
165,12/17/1996,12/11/1997,12/11/1997,01/12/1998,1500,0.01,0.4434782608695652,1593.75,3593.75,8
166,01/16/1997,01/12/1998,01/12/1998,02/11/1998,1000,0.02,1.1652173913043478,4187.5,3593.75,7
167,02/18/1997,02/11/1998,02/11/1998,03/12/1998,1500,0.01,0.4881889763779528,1937.5,3968.75,8
168,03/18/1997,03/12/1998,03/12/1998,04/09/1998,1500,0.01,0.03937007874015748,156.25,3968.75,9
169,04/17/1997,04/09/1998,04/09/1998,05/11/1998,1500,0.02,-0.4714285714285714,-3093.75,6562.5,6
170,05/15/1997,05/11/1998,05/11/1998,06/09/1998,1500,0.02,-0.5757575757575758,-4750.0,8250.0,7
171,06/16/1997,06/09/1998,06/09/1998,07/09/1998,1000,0.01,-0.51931330472103,-3781.25,7281.25,14
172,07/15/1997,07/09/1998,07/09/1998,08/06/1998,1500,0.02,-0.6227106227106227,-5312.5,8531.25,7
173,08/13/1997,08/06/1998,08/06/1998,09/04/1998,1500,0.02,-0.6,-5250.0,8750.0,7
174,09/11/1997,09/04/1998,09/04/1998,10/05/1998,1500,0.01,-0.22839506172839505,-1156.25,5062.5,9
175,10/10/1997,10/05/1998,10/05/1998,11/04/1998,500,0.02,0.7537688442211056,4687.5,6218.75,17
176,11/10/1997,11/04/1998,11/04/1998,12/04/1998,1500,0.01,0.2962962962962963,1500.0,5062.5,11
177,12/11/1997,12/04/1998,12/04/1998,01/06/1999,500,0.01,0.4742857142857143,2593.75,5468.75,24
178,01/12/1998,01/06/1999,01/06/1999,02/04/1999,500,0.02,0.5351351351351351,3093.75,5781.25,18
179,02/11/1998,02/04/1999,02/04/1999,03/08/1999,500,0.02,0.7567567567567568,4375.0,5781.25,18
180,03/12/1998,03/08/1999,03/08/1999,04/06/1999,1000,0.01,2.518987341772152,6218.75,2468.75,13
181,04/09/1998,04/06/1999,04/06/1999,05/05/1999,1000,0.01,1.3267326732673268,4187.5,3156.25,14
182,05/11/1998,05/05/1999,05/05/1999,06/03/1999,500,0.01,1.5583333333333333,5843.75,3750.0,21
183,06/09/1998,06/03/1999,06/03/1999,07/02/1999,500,0.01,2.058333333333333,7718.75,3750.0,21
184,07/09/1998,07/02/1999,07/02/1999,08/02/1999,1000,0.02,1.696629213483146,9437.5,5562.5,9
185,08/06/1998,08/02/1999,08/02/1999,08/31/1999,500,0.01,1.3724137931034484,6218.75,4531.25,22
186,09/04/1998,08/31/1999,08/31/1999,09/29/1999,500,0.01,0.7586206896551724,3437.5,4531.25,23
187,10/05/1998,09/29/1999,09/29/1999,10/28/1999,500,0.01,0.0896551724137931,406.25,4531.25,22
188,11/04/1998,10/28/1999,10/29/1999,11/30/1999,500,0.01,0.5448275862068965,2468.75,4531.25,20
189,12/04/1998,11/30/1999,11/30/1999,12/29/1999,500,0.01,3.117241379310345,14125.0,4531.25,20
190,01/06/1999,12/29/1999,12/29/1999,01/28/2000,500,0.01,3.4931034482758623,15828.125,4531.25,19
191,02/04/1999,01/28/2000,01/28/2000,02/28/2000,500,0.01,2.962068965517241,13421.875,4531.25,20
192,03/08/1999,02/28/2000,02/28/2000,03/28/2000,500,0.01,3.0310344827586206,13734.375,4531.25,22
193,04/06/1999,03/28/2000,03/28/2000,04/26/2000,500,0.01,3.4586206896551723,15671.875,4531.25,20
194,05/05/1999,04/26/2000,04/26/2000,05/25/2000,500,0.01,2.610344827586207,11828.125,4531.25,24
195,06/03/1999,05/25/2000,05/25/2000,06/23/2000,500,0.01,3.7636363636363637,12937.5,3437.5,23
196,07/02/1999,06/23/2000,06/23/2000,07/25/2000,500,0.01,5.097435897435897,15531.25,3046.875,23
197,08/02/1999,07/25/2000,07/25/2000,08/22/2000,500,0.01,4.543589743589743,13843.75,3046.875,24
198,08/31/1999,08/22/2000,08/22/2000,09/21/2000,500,0.01,4.148717948717949,12640.625,3046.875,24
199,09/29/1999,09/21/2000,09/21/2000,10/20/2000,1000,0.01,2.8989547038327528,13000.0,4484.375,15
200,10/29/1999,10/20/2000,10/20/2000,11/20/2000,1500,0.02,2.7,7593.75,2812.5,4
201,11/30/1999,11/20/2000,11/20/2000,12/19/2000,1500,0.02,0.9481132075471698,3140.625,3312.5,5
202,12/29/1999,12/19/2000,12/19/2000,01/22/2001,1500,0.02,1.234375,4937.5,4000.0,5
203,01/28/2000,01/22/2001,01/22/2001,02/20/2001,1500,0.02,1.25,5000.0,4000.0,5
204,02/28/2000,02/20/2001,02/20/2001,03/21/2001,1500,0.02,0.66015625,2640.625,4000.0,6
205,03/28/2000,03/21/2001,03/21/2001,04/19/2001,1500,0.02,0.7491749174917491,3546.875,4734.375,5
206,04/26/2000,04/19/2001,04/19/2001,05/18/2001,1500,0.02,0.5197368421052632,2468.75,4750.0,5
207,05/25/2000,05/18/2001,05/18/2001,06/18/2001,1500,0.02,-0.17791411042944785,-906.25,5093.75,6
208,06/23/2000,06/18/2001,06/18/2001,07/17/2001,1500,0.02,-0.32707774798927614,-1906.25,5828.125,7
209,07/25/2000,07/17/2001,07/17/2001,08/15/2001,1500,0.01,-0.6436781609195402,-4375.0,6796.875,15
210,08/22/2000,08/15/2001,08/15/2001,09/19/2001,500,0.02,-0.34551495016611294,-3250.0,9406.25,20
211,09/21/2000,09/19/2001,09/19/2001,10/18/2001,500,0.01,-0.21663442940038685,-1750.0,8078.125,24
212,10/20/2000,10/18/2001,10/19/2001,11/19/2001,500,0.01,-0.21470019342359767,-1734.375,8078.125,24
213,11/20/2000,11/19/2001,11/19/2001,12/18/2001,500,0.01,0.2901353965183752,2343.75,8078.125,24
214,12/19/2000,12/18/2001,12/18/2001,01/18/2002,500,0.01,-0.2205029013539652,-1781.25,8078.125,29
215,01/22/2001,01/18/2002,01/18/2002,02/19/2002,1000,0.02,-0.043243243243243246,-250.0,5781.25,11
216,02/20/2001,02/19/2002,02/19/2002,03/20/2002,1000,0.02,-0.1,-578.125,5781.25,11
217,03/21/2001,03/20/2002,03/20/2002,04/18/2002,1000,0.01,0.3108108108108108,1796.875,5781.25,20
218,04/19/2001,04/18/2002,04/18/2002,05/17/2002,1000,0.01,1.213953488372093,4078.125,3359.375,17
219,05/18/2001,05/17/2002,05/17/2002,06/17/2002,1000,0.01,2.1635220125786163,5375.0,2484.375,17
220,06/18/2001,06/17/2002,06/17/2002,07/17/2002,1000,0.01,1.7747252747252746,5046.875,2843.75,16
221,07/17/2001,07/17/2002,07/17/2002,08/14/2002,1500,0.02,1.2922535211267605,5734.375,4437.5,7
222,08/15/2001,08/14/2002,08/14/2002,09/13/2002,1500,0.02,1.943661971830986,8625.0,4437.5,7
223,09/19/2001,09/13/2002,09/13/2002,10/11/2002,1500,0.02,1.3098591549295775,5812.5,4437.5,8
224,10/19/2001,10/11/2002,10/11/2002,11/13/2002,1500,0.02,1.4507042253521127,6437.5,4437.5,7
225,11/19/2001,11/13/2002,11/13/2002,12/12/2002,1000,0.02,0.404320987654321,2046.875,5062.5,10
226,12/18/2001,12/12/2002,12/12/2002,01/14/2003,1500,0.02,0.10623556581986143,718.75,6765.625,8
227,01/18/2002,01/14/2003,01/14/2003,02/12/2003,1500,0.02,0.04814004376367615,343.75,7140.625,9
228,02/19/2002,02/12/2003,02/12/2003,03/14/2003,1500,0.02,0.08096280087527352,578.125,7140.625,7
229,03/20/2002,03/14/2003,03/14/2003,04/11/2003,1500,0.02,-0.060851926977687626,-468.75,7703.125,7
230,04/18/2002,04/11/2003,04/11/2003,05/13/2003,1000,0.02,-0.29098360655737704,-2218.75,7625.0,11
231,05/17/2002,05/13/2003,05/13/2003,06/11/2003,1000,0.02,0.10040983606557377,765.625,7625.0,10
232,06/17/2002,06/11/2003,06/11/2003,07/11/2003,1000,0.02,0.20901639344262296,1593.75,7625.0,10
233,07/17/2002,07/11/2003,07/11/2003,08/08/2003,1000,0.02,-0.01639344262295082,-125.0,7625.0,10
234,08/14/2002,08/08/2003,08/08/2003,09/09/2003,1000,0.02,0.6741803278688525,5140.625,7625.0,10
235,09/13/2002,09/09/2003,09/09/2003,10/07/2003,1000,0.01,0.3805309734513274,2015.625,5296.875,20
236,10/11/2002,10/07/2003,10/07/2003,11/06/2003,1000,0.02,0.9008746355685131,4828.125,5359.375,10
237,11/13/2002,11/06/2003,11/06/2003,12/09/2003,1500,0.02,0.7993827160493827,4046.875,5062.5,8
238,12/12/2002,12/09/2003,12/09/2003,01/09/2004,1500,0.02,0.15619047619047619,1281.25,8203.125,9
239,01/14/2003,01/09/2004,01/09/2004,02/10/2004,1500,0.02,0.192090395480226,1593.75,8296.875,9
240,02/12/2003,02/10/2004,02/10/2004,03/11/2004,1500,0.01,0.516728624535316,2171.875,4203.125,15
241,03/14/2003,03/11/2004,03/11/2004,04/08/2004,1500,0.01,0.08670520231213873,468.75,5406.25,15
242,04/11/2003,04/08/2004,04/08/2004,05/10/2004,1500,0.01,-0.06647398843930635,-359.375,5406.25,16
243,05/13/2003,05/10/2004,05/10/2004,06/09/2004,1500,0.01,0.4653179190751445,2515.625,5406.25,15
244,06/11/2003,06/09/2004,06/09/2004,07/09/2004,1500,0.01,0.3901734104046243,2109.375,5406.25,14
245,07/11/2003,07/09/2004,07/09/2004,08/09/2004,1500,0.01,0.08259587020648967,437.5,5296.875,12
246,08/08/2003,08/09/2004,08/09/2004,09/07/2004,1500,0.01,0.24624624624624625,1281.25,5203.125,12
247,09/09/2003,09/07/2004,09/07/2004,10/06/2004,1500,0.01,0.18151815181518152,859.375,4734.375,11
248,10/07/2003,10/06/2004,10/06/2004,11/05/2004,1500,0.01,0.08118081180811808,343.75,4234.375,11
249,11/06/2003,11/05/2004,11/05/2004,12/08/2004,1500,0.01,0.1259259259259259,531.25,4218.75,11
250,12/09/2003,12/08/2004,12/08/2004,01/06/2005,1500,0.01,-0.022508038585209004,-109.375,4859.375,12
251,01/09/2004,01/06/2005,01/06/2005,02/07/2005,1500,0.01,-0.10932475884244373,-531.25,4859.375,11
252,02/10/2004,02/07/2005,02/07/2005,03/09/2005,1500,0.01,-0.13520408163265307,-828.125,6125.0,11
253,03/11/2004,03/09/2005,03/09/2005,04/08/2005,500,0.02,0.36853002070393376,2781.25,7546.875,19
254,04/08/2004,04/08/2005,04/08/2005,05/06/2005,1500,0.01,-0.21040189125295508,-1390.625,6609.375,11
255,05/10/2004,05/06/2005,05/06/2005,06/07/2005,1500,0.01,-0.2033096926713948,-1343.75,6609.375,10
256,06/09/2004,06/07/2005,06/07/2005,07/06/2005,1000,0.01,0.14343434343434344,1109.375,7734.375,14
257,07/09/2004,07/06/2005,07/06/2005,08/04/2005,1500,0.01,-0.028368794326241134,-187.5,6609.375,10
258,08/09/2004,08/04/2005,08/04/2005,09/01/2005,1500,0.01,0.08443271767810026,500.0,5921.875,9
259,09/07/2004,09/01/2005,09/01/2005,10/03/2005,500,0.01,0.6793650793650794,3343.75,4921.875,18
260,10/06/2004,10/03/2005,10/03/2005,11/02/2005,1500,0.01,1.5191256830601092,4343.75,2859.375,8
261,11/05/2004,11/02/2005,11/02/2005,12/05/2005,1500,0.01,2.6666666666666665,6375.0,2390.625,7
262,12/08/2004,12/05/2005,12/05/2005,01/05/2006,1500,0.01,2.0980392156862746,5015.625,2390.625,9
263,01/06/2005,01/05/2006,01/05/2006,02/03/2006,1500,0.01,2.587096774193548,6265.625,2421.875,8
264,02/07/2005,02/03/2006,02/03/2006,03/07/2006,500,0.01,2.282178217821782,7203.125,3156.25,15
265,03/09/2005,03/07/2006,03/07/2006,04/04/2006,1500,0.01,1.9222222222222223,5406.25,2812.5,7
266,04/08/2005,04/04/2006,04/04/2006,05/04/2006,500,0.01,1.1435643564356435,3609.375,3156.25,16
267,05/06/2005,05/04/2006,05/04/2006,06/05/2006,500,0.01,1.9455445544554455,6140.625,3156.25,14
268,06/07/2005,06/05/2006,06/05/2006,07/03/2006,1500,0.02,0.9441860465116279,3171.875,3359.375,5
269,07/06/2005,07/03/2006,07/03/2006,08/02/2006,1000,0.01,0.631578947368421,1875.0,2968.75,9
270,08/04/2005,08/02/2006,08/02/2006,08/30/2006,1000,0.01,0.7736842105263158,2296.875,2968.75,9
271,09/01/2005,08/30/2006,08/30/2006,09/29/2006,1000,0.01,0.9263157894736842,2750.0,2968.75,8
272,10/03/2005,09/29/2006,09/29/2006,10/30/2006,1000,0.01,0.6631578947368421,1968.75,2968.75,8
273,11/02/2005,10/30/2006,10/30/2006,11/29/2006,1000,0.01,0.40229885057471265,1093.75,2718.75,9
274,12/05/2005,11/29/2006,11/29/2006,12/29/2006,1000,0.02,1.351219512195122,4328.125,3203.125,6
275,01/05/2006,12/29/2006,12/29/2006,01/31/2007,1000,0.02,1.5853658536585367,5078.125,3203.125,6
276,02/03/2006,01/31/2007,01/31/2007,03/02/2007,1000,0.02,1.3707317073170733,4390.625,3203.125,6
277,03/07/2006,03/02/2007,03/02/2007,03/30/2007,1000,0.01,1.5862068965517242,4312.5,2718.75,8
278,04/04/2006,03/30/2007,03/30/2007,04/30/2007,1000,0.01,0.8045977011494253,2187.5,2718.75,9
279,05/04/2006,04/30/2007,04/30/2007,05/30/2007,1000,0.02,1.671875,3343.75,2000.0,7
280,06/05/2006,05/30/2007,05/30/2007,06/27/2007,1000,0.02,1.3576158940397351,3203.125,2359.375,8
281,07/03/2006,06/27/2007,06/27/2007,07/27/2007,1000,0.01,1.966887417218543,4640.625,2359.375,9
282,08/02/2006,07/27/2007,07/27/2007,08/24/2007,1000,0.01,1.6357615894039734,3859.375,2359.375,10
283,08/30/2006,08/24/2007,08/24/2007,09/25/2007,1000,0.02,1.8214285714285714,5578.125,3062.5,8
284,09/29/2006,09/25/2007,09/25/2007,10/25/2007,1500,0.01,1.7792207792207793,4281.25,2406.25,8
285,10/30/2006,10/25/2007,10/25/2007,11/26/2007,500,0.01,2.0662983425414363,5843.75,2828.125,17
286,11/29/2006,11/26/2007,11/26/2007,12/26/2007,500,0.01,3.016574585635359,8531.25,2828.125,16
287,12/29/2006,12/26/2007,12/26/2007,01/28/2008,1000,0.02,1.6756756756756757,5812.5,3468.75,8
288,01/31/2007,01/28/2008,01/28/2008,02/26/2008,1000,0.02,1.7914893617021277,6578.125,3671.875,9
289,03/02/2007,02/26/2008,02/26/2008,03/26/2008,1000,0.02,1.7914893617021277,6578.125,3671.875,8
290,03/30/2007,03/26/2008,03/26/2008,04/24/2008,1000,0.02,1.1976047904191616,6250.0,5218.75,8
291,04/30/2007,04/24/2008,04/24/2008,05/22/2008,1000,0.02,1.5389221556886228,8031.25,5218.75,8
292,05/30/2007,05/22/2008,05/22/2008,06/20/2008,1000,0.02,1.3532934131736527,7062.5,5218.75,7
293,06/27/2007,06/20/2008,06/20/2008,07/21/2008,1000,0.02,1.68562874251497,8796.875,5218.75,7
294,07/27/2007,07/21/2008,07/21/2008,08/18/2008,1000,0.02,1.1736526946107784,6125.0,5218.75,9
295,08/24/2007,08/18/2008,08/18/2008,09/16/2008,1000,0.02,0.9251497005988024,4828.125,5218.75,9
296,09/25/2007,09/16/2008,09/16/2008,10/14/2008,1000,0.02,0.10554561717352415,921.875,8734.375,11
297,10/25/2007,10/14/2008,10/14/2008,11/12/2008,1000,0.02,-0.29214929214929214,-3546.875,12140.625,13
298,11/26/2007,11/12/2008,11/12/2008,12/11/2008,1500,0.01,-0.38419117647058826,-3265.625,8500.0,18
299,12/26/2007,12/11/2008,12/11/2008,01/13/2009,500,0.02,0.0,0.0,12218.75,19
300,01/28/2008,01/13/2009,01/13/2009,02/10/2009,1500,0.02,0.3088,3015.625,9765.625,10
301,02/26/2008,02/10/2009,02/11/2009,03/11/2009,1500,0.02,0.3632,3546.875,9765.625,9
302,03/26/2008,03/11/2009,03/11/2009,04/09/2009,500,0.02,0.03580562659846547,437.5,12218.75,21
303,04/24/2008,04/09/2009,04/09/2009,05/08/2009,1500,0.01,0.1889168765743073,1171.875,6203.125,18
304,05/22/2008,05/08/2009,05/08/2009,06/08/2009,1500,0.01,0.30982367758186397,1921.875,6203.125,16
305,06/20/2008,06/08/2009,06/08/2009,07/07/2009,1500,0.01,1.99609375,7984.375,4000.0,15
306,07/21/2008,07/07/2009,07/07/2009,08/04/2009,1500,0.01,2.1640625,8656.25,4000.0,15
307,08/18/2008,08/04/2009,08/04/2009,09/02/2009,1500,0.01,3.195744680851064,11734.375,3671.875,14
308,09/16/2008,09/02/2009,09/02/2009,09/30/2009,1500,0.01,2.3659574468085105,8687.5,3671.875,14
309,10/14/2008,09/30/2009,10/01/2009,10/29/2009,1500,0.01,1.5933333333333333,7468.75,4687.5,14
310,11/12/2008,10/29/2009,10/29/2009,11/27/2009,1500,0.01,0.8,4312.5,5390.625,13
311,12/11/2008,11/27/2009,11/27/2009,12/29/2009,1500,0.01,0.6289473684210526,3734.375,5937.5,12
312,01/13/2009,12/29/2009,12/29/2009,01/28/2010,1500,0.01,0.47,2937.5,6250.0,13
313,02/11/2009,01/28/2010,01/28/2010,02/25/2010,500,0.01,0.8607068607068608,6468.75,7515.625,22
314,03/11/2009,02/25/2010,02/25/2010,03/26/2010,500,0.01,0.6943866943866944,5218.75,7515.625,22
315,04/09/2009,03/26/2010,03/26/2010,04/26/2010,500,0.01,0.6174636174636174,4640.625,7515.625,23
316,05/08/2009,04/26/2010,04/26/2010,05/24/2010,500,0.01,0.6216216216216216,4671.875,7515.625,22
317,06/08/2009,05/24/2010,05/24/2010,06/22/2010,500,0.01,0.23284823284823286,1750.0,7515.625,22
318,07/07/2009,06/22/2010,06/22/2010,07/21/2010,1000,0.02,-0.21572212065813529,-1843.75,8546.875,10
319,08/04/2009,07/21/2010,07/21/2010,08/18/2010,500,0.01,0.49498327759197325,2312.5,4671.875,21
320,09/02/2009,08/18/2010,08/18/2010,09/16/2010,1000,0.02,1.0205278592375366,5437.5,5328.125,8
321,10/01/2009,09/16/2010,09/16/2010,10/15/2010,1000,0.02,1.2668621700879765,6750.0,5328.125,8
322,10/29/2009,10/15/2010,10/15/2010,11/12/2010,1000,0.02,1.5571847507331378,8296.875,5328.125,8
323,11/27/2009,11/12/2010,11/12/2010,12/13/2010,1000,0.01,0.9717741935483871,3765.625,3875.0,15
324,12/29/2009,12/13/2010,12/13/2010,01/12/2011,500,0.01,0.8655737704918033,4125.0,4765.625,22
325,01/28/2010,01/12/2011,01/12/2011,02/10/2011,1000,0.01,0.6935483870967742,2687.5,3875.0,16
326,02/25/2010,02/10/2011,02/10/2011,03/10/2011,1000,0.01,1.4314516129032258,5546.875,3875.0,15
327,03/26/2010,03/10/2011,03/10/2011,04/08/2011,1000,0.01,0.6733870967741935,2609.375,3875.0,17
328,04/26/2010,04/08/2011,04/08/2011,05/09/2011,500,0.01,0.30597014925373134,1921.875,6281.25,26
329,05/24/2010,05/09/2011,05/09/2011,06/07/2011,1000,0.01,1.1219512195121952,4312.5,3843.75,16
330,06/22/2010,06/07/2011,06/07/2011,07/06/2011,1000,0.01,1.0691056910569106,4109.375,3843.75,16
331,07/21/2010,07/06/2011,07/06/2011,08/03/2011,500,0.01,0.3656716417910448,2296.875,6281.25,25
332,08/18/2010,08/03/2011,08/03/2011,09/01/2011,500,0.01,0.23880597014925373,1500.0,6281.25,26
333,09/16/2010,09/01/2011,09/01/2011,09/30/2011,500,0.01,0.48507462686567165,3046.875,6281.25,26
334,10/15/2010,09/30/2011,09/30/2011,10/28/2011,1500,0.01,0.10160427807486631,593.75,5843.75,15
335,11/12/2010,10/28/2011,10/28/2011,11/28/2011,1000,0.01,-0.1850828729281768,-1046.875,5656.25,18
336,12/13/2010,11/28/2011,11/28/2011,12/28/2011,1000,0.01,-0.49038461538461536,-3187.5,6500.0,18
337,01/12/2011,12/28/2011,12/28/2011,01/26/2012,500,0.01,-0.30823117338003503,-2750.0,8921.875,26
338,02/10/2011,01/26/2012,01/26/2012,02/24/2012,500,0.01,-0.4369230769230769,-4437.5,10156.25,27
339,03/10/2011,02/24/2012,02/24/2012,03/26/2012,1500,0.02,-0.5574193548387096,-6750.0,12109.375,8
340,04/08/2011,03/26/2012,03/26/2012,04/24/2012,1500,0.01,-0.4951923076923077,-4828.125,9750.0,15
341,05/09/2011,04/24/2012,04/24/2012,05/22/2012,1500,0.01,-0.42628205128205127,-4156.25,9750.0,14
342,06/07/2011,05/22/2012,05/22/2012,06/20/2012,1500,0.01,-0.009615384615384616,-93.75,9750.0,11
343,07/06/2011,06/20/2012,06/20/2012,07/19/2012,1500,0.01,-0.027243589743589744,-265.625,9750.0,11
344,08/03/2011,07/19/2012,07/19/2012,08/16/2012,1500,0.01,-0.5253623188405797,-4531.25,8625.0,11
345,09/01/2011,08/16/2012,08/16/2012,09/14/2012,1500,0.01,-0.31985294117647056,-2718.75,8500.0,11
346,09/30/2011,09/14/2012,09/14/2012,10/12/2012,500,0.01,-0.39723926380368096,-4046.875,10187.5,21
347,10/28/2011,10/12/2012,10/12/2012,11/12/2012,500,0.01,-0.40241796200345425,-3640.625,9046.875,21
348,11/28/2011,11/12/2012,11/12/2012,12/11/2012,500,0.01,0.019305019305019305,156.25,8093.75,20
349,12/28/2011,12/11/2012,12/11/2012,01/11/2013,500,0.01,-0.024282560706401765,-171.875,7078.125,20
350,01/26/2012,01/11/2013,01/11/2013,02/08/2013,1500,0.01,0.3194029850746269,1671.875,5234.375,8
351,02/24/2012,02/08/2013,02/08/2013,03/11/2013,500,0.01,1.4456521739130435,4156.25,2875.0,17
352,03/26/2012,03/11/2013,03/11/2013,04/10/2013,500,0.01,0.8219895287958116,2453.125,2984.375,18
353,04/24/2012,04/10/2013,04/10/2013,05/08/2013,500,0.01,0.9479166666666666,2843.75,3000.0,17
354,05/22/2012,05/08/2013,05/08/2013,06/06/2013,500,0.01,0.005208333333333333,15.625,3000.0,19
355,06/20/2012,06/06/2013,06/06/2013,07/05/2013,500,0.01,1.671875,5015.625,3000.0,17
356,07/19/2012,07/05/2013,07/05/2013,08/02/2013,500,0.02,2.090497737556561,7218.75,3453.125,17
357,08/16/2012,08/02/2013,08/02/2013,09/02/2013,500,0.02,0.8458646616541353,3515.625,4156.25,18
358,09/14/2012,09/02/2013,09/02/2013,09/30/2013,1500,0.02,0.996078431372549,3968.75,3984.375,7
359,10/12/2012,09/30/2013,09/30/2013,10/29/2013,1500,0.02,1.126530612244898,4312.5,3828.125,7
360,11/12/2012,10/29/2013,10/29/2013,11/26/2013,1500,0.02,1.6326530612244898,6250.0,3828.125,6
361,12/11/2012,11/26/2013,11/26/2013,12/27/2013,1500,0.02,0.26666666666666666,1062.5,3984.375,7
362,01/11/2013,12/27/2013,12/27/2013,01/27/2014,1500,0.02,1.5568627450980392,6203.125,3984.375,6
363,02/08/2013,01/27/2014,01/27/2014,02/25/2014,1500,0.02,1.3254901960784313,5281.25,3984.375,6
364,03/11/2013,02/25/2014,02/25/2014,03/26/2014,1500,0.02,1.5960784313725491,6359.375,3984.375,5
365,04/10/2013,03/26/2014,03/26/2014,04/24/2014,1500,0.02,1.815686274509804,7234.375,3984.375,5
366,05/08/2013,04/24/2014,04/24/2014,05/23/2014,1000,0.02,0.6775,4234.375,6250.0,9
367,06/06/2013,05/23/2014,05/23/2014,06/20/2014,1000,0.02,0.0025,15.625,6250.0,9
368,07/05/2013,06/20/2014,06/20/2014,07/21/2014,1000,0.02,1.0041322314049588,3796.875,3781.25,8
369,08/02/2013,07/21/2014,07/21/2014,08/19/2014,1000,0.02,1.0909090909090908,4125.0,3781.25,8
370,09/02/2013,08/19/2014,08/19/2014,09/16/2014,1000,0.02,1.1813471502590673,3562.5,3015.625,9
371,09/30/2013,09/16/2014,09/16/2014,10/15/2014,1000,0.02,0.9776785714285714,3421.875,3500.0,9
372,10/29/2013,10/15/2014,10/15/2014,11/12/2014,1000,0.02,1.445414847161572,5171.875,3578.125,9
373,11/26/2013,11/12/2014,11/12/2014,12/11/2014,1000,0.02,0.7641921397379913,2734.375,3578.125,10
374,12/27/2013,12/11/2014,12/11/2014,01/13/2015,1000,0.02,0.08090614886731391,390.625,4828.125,11
375,01/27/2014,01/13/2015,01/13/2015,02/11/2015,1000,0.02,-0.14893617021276595,-1093.75,7343.75,12
376,02/25/2014,02/11/2015,02/11/2015,03/12/2015,500,0.01,-0.25918367346938775,-1984.375,7656.25,24
377,03/26/2014,03/12/2015,03/12/2015,04/10/2015,500,0.01,-0.1875,-1078.125,5750.0,24
378,04/24/2014,04/10/2015,04/10/2015,05/08/2015,500,0.01,0.1766304347826087,1015.625,5750.0,23
379,05/23/2014,05/08/2015,05/08/2015,06/08/2015,500,0.01,-0.035326086956521736,-203.125,5750.0,23
380,06/20/2014,06/08/2015,06/08/2015,07/07/2015,500,0.01,0.31543624161073824,1468.75,4656.25,23
381,07/21/2014,07/07/2015,07/07/2015,08/04/2015,500,0.01,0.4158730158730159,2046.875,4921.875,24
382,08/19/2014,08/04/2015,08/04/2015,09/02/2015,500,0.01,0.47619047619047616,2343.75,4921.875,23
383,09/16/2014,09/02/2015,09/02/2015,09/30/2015,500,0.01,0.4610951008645533,2500.0,5421.875,23
384,10/15/2014,09/30/2015,10/01/2015,10/29/2015,500,0.01,-0.3371757925072046,-1828.125,5421.875,23
385,11/12/2014,10/29/2015,10/29/2015,11/27/2015,500,0.01,-0.48058252427184467,-3093.75,6437.5,25
386,12/11/2014,11/27/2015,11/27/2015,12/29/2015,1500,0.02,-0.0935483870967742,-453.125,4843.75,7
387,01/13/2015,12/29/2015,12/29/2015,01/28/2016,1500,0.02,0.3032258064516129,1468.75,4843.75,6
388,02/11/2015,01/28/2016,01/28/2016,02/25/2016,1000,0.02,0.743859649122807,3312.5,4453.125,8
389,03/12/2015,02/25/2016,02/25/2016,03/28/2016,1000,0.02,1.1614035087719299,5171.875,4453.125,7
390,04/10/2015,03/28/2016,03/28/2016,04/25/2016,1000,0.02,1.263157894736842,5625.0,4453.125,7
391,05/08/2015,04/25/2016,04/25/2016,05/24/2016,1000,0.01,1.023890784982935,4687.5,4578.125,13
392,06/08/2015,05/24/2016,05/24/2016,06/21/2016,1000,0.01,1.0248756218905473,3218.75,3140.625,13
393,07/07/2015,06/21/2016,06/22/2016,07/20/2016,500,0.01,1.484375,5937.5,4000.0,19
394,08/04/2015,07/20/2016,07/20/2016,08/18/2016,1000,0.01,1.0694444444444444,3609.375,3375.0,14
395,09/02/2015,08/18/2016,08/18/2016,09/16/2016,500,0.01,0.69140625,2765.625,4000.0,21
396,10/01/2015,09/16/2016,09/16/2016,10/14/2016,500,0.01,1.5274261603375527,5656.25,3703.125,18
397,10/29/2015,10/14/2016,10/14/2016,11/11/2016,500,0.01,1.2362869198312236,4578.125,3703.125,19
398,11/27/2015,11/11/2016,11/11/2016,12/13/2016,500,0.01,1.103321033210332,4671.875,4234.375,21
399,12/29/2015,12/13/2016,12/13/2016,01/12/2017,500,0.01,2.007380073800738,8500.0,4234.375,19
400,01/28/2016,01/12/2017,01/12/2017,02/10/2017,500,0.01,1.6125461254612545,6828.125,4234.375,20
401,02/25/2016,02/10/2017,02/10/2017,03/13/2017,500,0.01,1.132841328413284,4796.875,4234.375,19
402,03/28/2016,03/13/2017,03/13/2017,04/10/2017,1500,0.02,1.2510460251046025,4671.875,3734.375,4
403,04/25/2016,04/10/2017,04/10/2017,05/09/2017,1500,0.02,0.5538461538461539,2812.5,5078.125,5
404,05/24/2016,05/09/2017,05/09/2017,06/07/2017,1500,0.02,0.6030769230769231,3062.5,5078.125,5
405,06/22/2016,06/07/2017,06/07/2017,07/06/2017,1500,0.02,0.797752808988764,4437.5,5562.5,4
406,07/20/2016,07/06/2017,07/06/2017,08/04/2017,500,0.01,0.7795527156549521,3812.5,4890.625,17
407,08/18/2016,08/04/2017,08/04/2017,09/01/2017,500,0.01,0.7092651757188498,3468.75,4890.625,18
408,09/16/2016,09/01/2017,09/01/2017,10/02/2017,500,0.01,0.5527156549520766,2703.125,4890.625,17
409,10/14/2016,10/02/2017,10/02/2017,10/30/2017,500,0.01,0.9361022364217252,4578.125,4890.625,15
410,11/11/2016,10/30/2017,10/30/2017,11/28/2017,500,0.01,0.5143769968051118,2515.625,4890.625,15
411,12/13/2016,11/28/2017,11/28/2017,12/28/2017,500,0.01,0.03194888178913738,156.25,4890.625,16
412,01/12/2017,12/28/2017,12/28/2017,01/29/2018,1000,0.01,-0.22818791946308725,-1062.5,4656.25,10
413,02/10/2017,01/29/2018,01/29/2018,02/26/2018,1000,0.01,2.0533333333333332,4812.5,2343.75,7
414,03/13/2017,02/26/2018,02/26/2018,03/27/2018,1000,0.01,2.1133333333333333,4953.125,2343.75,6
415,04/10/2017,03/27/2018,03/27/2018,04/25/2018,1000,0.01,2.563025210084034,4765.625,1859.375,6
416,05/09/2017,04/25/2018,04/25/2018,05/24/2018,1000,0.01,2.966386554621849,5515.625,1859.375,6
417,06/07/2017,05/24/2018,05/24/2018,06/21/2018,1000,0.01,3.033613445378151,5640.625,1859.375,5
418,07/06/2017,06/21/2018,06/22/2018,07/20/2018,1500,0.01,2.4628099173553717,4656.25,1890.625,5
419,08/04/2017,07/20/2018,07/20/2018,08/20/2018,1500,0.01,1.3443708609271523,3171.875,2359.375,5
420,09/01/2017,08/20/2018,08/20/2018,09/18/2018,1000,0.02,1.3841463414634145,3546.875,2562.5,7
421,10/02/2017,09/18/2018,09/18/2018,10/16/2018,1000,0.02,1.0053475935828877,2937.5,2921.875,8
422,10/30/2017,10/16/2018,10/16/2018,11/13/2018,1000,0.02,1.5989304812834224,4671.875,2921.875,7
423,11/28/2017,11/13/2018,11/13/2018,12/14/2018,1000,0.02,0.8021390374331551,2343.75,2921.875,9
424,12/28/2017,12/14/2018,12/14/2018,01/15/2019,500,0.01,0.9391304347826087,3375.0,3593.75,17
425,01/29/2018,01/15/2019,01/15/2019,02/13/2019,500,0.01,0.4652173913043478,1671.875,3593.75,18
426,02/26/2018,02/13/2019,02/13/2019,03/14/2019,500,0.01,0.9150326797385621,2187.5,2390.625,17
427,03/27/2018,03/14/2019,03/14/2019,04/11/2019,500,0.01,1.035897435897436,3156.25,3046.875,16
428,04/25/2018,04/11/2019,04/11/2019,05/13/2019,500,0.01,0.8358974358974359,2546.875,3046.875,17
429,05/24/2018,05/13/2019,05/13/2019,06/11/2019,500,0.01,0.3684210526315789,1640.625,4453.125,18
430,06/22/2018,06/11/2019,06/11/2019,07/09/2019,1000,0.01,1.0216450216450217,3687.5,3609.375,10
431,07/20/2018,07/09/2019,07/09/2019,08/07/2019,1000,0.01,1.2727272727272727,4593.75,3609.375,9
432,08/20/2018,08/07/2019,08/07/2019,09/05/2019,1000,0.01,1.619047619047619,5843.75,3609.375,10
433,09/18/2018,09/05/2019,09/05/2019,10/03/2019,1500,0.02,1.0173160173160174,3671.875,3609.375,7
434,10/16/2018,10/03/2019,10/03/2019,10/31/2019,1000,0.01,1.341991341991342,4843.75,3609.375,11
435,11/13/2018,10/31/2019,11/01/2019,12/02/2019,500,0.02,1.0616883116883118,5109.375,4812.5,18
436,12/14/2018,12/02/2019,12/02/2019,12/31/2019,500,0.02,0.06818181818181818,328.125,4812.5,21
437,01/15/2019,12/31/2019,12/31/2019,01/30/2020,1000,0.01,-0.19010416666666666,-1140.625,6000.0,13
438,02/13/2019,01/30/2020,01/30/2020,02/28/2020,1000,0.01,0.20094562647754138,1328.125,6609.375,13
439,03/14/2019,02/28/2020,02/28/2020,03/27/2020,500,0.02,0.42452830188679247,2812.5,6625.0,21
440,04/11/2019,03/27/2020,03/27/2020,04/28/2020,500,0.01,1.0837837837837838,6265.625,5781.25,22
441,05/13/2019,04/28/2020,04/28/2020,05/27/2020,500,0.02,0.9198113207547169,6093.75,6625.0,19
442,06/11/2019,05/27/2020,05/27/2020,06/24/2020,1500,0.01,0.37367303609341823,2750.0,7359.375,11
443,07/09/2019,06/24/2020,06/24/2020,07/23/2020,500,0.02,0.31368821292775667,2578.125,8218.75,20
444,08/07/2019,07/23/2020,07/23/2020,08/20/2020,1500,0.01,0.3852813852813853,2781.25,7218.75,10
445,09/05/2019,08/20/2020,08/20/2020,09/18/2020,1500,0.01,0.41643835616438357,2375.0,5703.125,10
446,10/03/2019,09/18/2020,09/18/2020,10/19/2020,1500,0.01,1.1172161172161172,4765.625,4265.625,8
447,11/01/2019,10/19/2020,10/19/2020,11/16/2020,1500,0.01,1.8267326732673268,5765.625,3156.25,7
448,12/02/2019,11/16/2020,11/16/2020,12/15/2020,1500,0.01,2.9565217391304346,8500.0,2875.0,5
449,12/31/2019,12/15/2020,12/15/2020,01/15/2021,1500,0.01,2.489130434782609,7156.25,2875.0,5
450,01/30/2020,01/15/2021,01/15/2021,02/15/2021,1500,0.01,2.527173913043478,7265.625,2875.0,4
451,02/28/2020,02/15/2021,02/15/2021,03/15/2021,1500,0.01,0.5901639344262295,1125.0,1906.25,4
452,03/27/2020,03/15/2021,03/15/2021,04/13/2021,1500,0.01,3.377049180327869,6437.5,1906.25,3
453,04/28/2020,04/13/2021,04/13/2021,05/12/2021,1500,0.01,3.3524590163934427,6390.625,1906.25,3
454,05/27/2020,05/12/2021,05/12/2021,06/10/2021,1500,0.02,2.78,6515.625,2343.75,2
455,06/24/2020,06/10/2021,06/10/2021,07/08/2021,1500,0.02,1.420814479638009,4906.25,3453.125,3
456,07/23/2020,07/08/2021,07/08/2021,08/06/2021,1500,0.01,1.6210526315789473,4812.5,2968.75,4
457,08/20/2020,08/06/2021,08/06/2021,09/03/2021,1500,0.01,1.6243654822335025,5000.0,3078.125,5
458,09/18/2020,09/03/2021,09/03/2021,10/04/2021,1000,0.02,1.4603960396039604,4609.375,3156.25,6
459,10/19/2020,10/04/2021,10/04/2021,11/02/2021,1000,0.02,1.6386138613861385,5171.875,3156.25,6
460,11/16/2020,11/02/2021,11/02/2021,12/01/2021,1000,0.02,1.806930693069307,5703.125,3156.25,6
461,12/15/2020,12/01/2021,12/01/2021,12/30/2021,1000,0.02,1.0921052631578947,3890.625,3562.5,8
462,01/15/2021,12/30/2021,12/30/2021,01/28/2022,1000,0.02,0.5479876160990712,2765.625,5046.875,8
463,02/15/2021,01/28/2022,01/28/2022,02/28/2022,1000,0.02,0.0030959752321981426,15.625,5046.875,8
464,03/15/2021,02/28/2022,02/28/2022,03/28/2022,1000,0.02,-0.021671826625386997,-109.375,5046.875,9
465,04/13/2021,03/28/2022,03/28/2022,04/27/2022,1000,0.02,0.6811145510835913,3437.5,5046.875,9
466,05/12/2021,04/27/2022,04/27/2022,05/25/2022,1000,0.02,1.2724458204334366,6421.875,5046.875,8
467,06/10/2021,05/25/2022,05/25/2022,06/23/2022,1000,0.02,1.6377708978328174,8265.625,5046.875,8
468,07/08/2021,06/23/2022,06/23/2022,07/22/2022,500,0.02,1.2301980198019802,7765.625,6312.5,16
469,08/06/2021,07/22/2022,07/22/2022,08/19/2022,500,0.02,0.9232673267326733,5828.125,6312.5,17
470,09/03/2021,08/19/2022,08/19/2022,09/19/2022,500,0.02,1.0767326732673268,6796.875,6312.5,17
471,10/04/2021,09/19/2022,09/19/2022,10/18/2022,500,0.02,1.3044554455445545,8234.375,6312.5,17
472,11/02/2021,10/18/2022,10/18/2022,11/15/2022,1000,0.01,2.204379562043796,9437.5,4281.25,17
473,12/01/2021,11/15/2022,11/15/2022,12/14/2022,1000,0.01,3.88265306122449,11890.625,3062.5,16
474,12/30/2021,12/14/2022,12/14/2022,01/16/2023,1000,0.01,3.938775510204082,12062.5,3062.5,16
475,01/28/2022,01/16/2023,01/16/2023,02/13/2023,1000,0.01,4.612244897959184,14125.0,3062.5,15
476,02/28/2022,02/13/2023,02/13/2023,03/14/2023,1000,0.01,3.8469387755102042,11781.25,3062.5,16
477,03/28/2022,03/14/2023,03/14/2023,04/12/2023,1000,0.01,4.244897959183674,13000.0,3062.5,16
478,04/27/2022,04/12/2023,04/12/2023,05/11/2023,1000,0.01,3.2850877192982457,11703.125,3562.5,16
479,05/25/2022,05/11/2023,05/11/2023,06/08/2023,500,0.01,1.6366366366366367,8515.625,5203.125,27
480,06/23/2022,06/08/2023,06/08/2023,07/10/2023,1000,0.01,1.455621301775148,7687.5,5281.25,16
481,07/22/2022,07/10/2023,07/10/2023,08/07/2023,1000,0.01,2.002923976608187,10703.125,5343.75,14
482,08/19/2022,08/07/2023,08/07/2023,09/05/2023,500,0.01,1.592920353982301,8437.5,5296.875,24
483,09/19/2022,09/05/2023,09/05/2023,10/03/2023,500,0.01,0.2448377581120944,1296.875,5296.875,27
484,10/18/2022,10/03/2023,10/03/2023,11/01/2023,1000,0.01,0.5964912280701754,3187.5,5343.75,16
485,11/15/2022,11/01/2023,11/01/2023,11/30/2023,500,0.01,0.19469026548672566,1031.25,5296.875,26
486,12/14/2022,11/30/2023,11/30/2023,12/29/2023,500,0.01,0.4778761061946903,2531.25,5296.875,26
487,01/16/2023,12/29/2023,12/29/2023,01/30/2024,500,0.01,0.5368731563421829,2843.75,5296.875,25
488,02/13/2023,01/30/2024,01/30/2024,02/28/2024,1000,0.02,0.2862453531598513,2406.25,8406.25,9
489,03/14/2023,02/28/2024,02/28/2024,03/27/2024,500,0.01,-0.048582995951417005,-187.5,3859.375,26
490,04/12/2023,03/27/2024,03/27/2024,04/26/2024,500,0.01,0.5465587044534413,2109.375,3859.375,25
491,05/11/2023,04/26/2024,04/26/2024,05/24/2024,500,0.01,0.7489878542510121,2890.625,3859.375,24
492,06/08/2023,05/24/2024,05/24/2024,06/24/2024,500,0.01,0.7368421052631579,2843.75,3859.375,24
493,07/10/2023,06/24/2024,06/24/2024,07/23/2024,500,0.01,0.22672064777327935,875.0,3859.375,24
494,08/07/2023,07/23/2024,07/23/2024,08/21/2024,500,0.01,0.34146341463414637,1093.75,3203.125,25
495,09/05/2023,08/21/2024,08/21/2024,09/18/2024,500,0.01,1.0,3203.125,3203.125,25
496,10/03/2023,09/18/2024,09/18/2024,10/17/2024,500,0.01,1.4195121951219511,4546.875,3203.125,22
497,11/01/2023,10/17/2024,10/17/2024,11/14/2024,500,0.01,1.4926829268292683,4781.25,3203.125,22
498,11/30/2023,11/14/2024,11/14/2024,12/13/2024,500,0.01,1.6536585365853658,5296.875,3203.125,22
499,12/29/2023,12/13/2024,12/13/2024,01/15/2025,500,0.01,1.5323383084577114,4812.5,3140.625,22
500,01/30/2024,01/15/2025,01/15/2025,02/13/2025,500,0.02,2.4444444444444446,7562.5,3093.75,17
501,02/28/2024,02/13/2025,02/13/2025,03/14/2025,500,0.02,1.47979797979798,4578.125,3093.75,18
502,03/27/2024,03/14/2025,03/14/2025,04/11/2025,500,0.01,1.9850746268656716,6234.375,3140.625,19
503,04/26/2024,04/11/2025,04/11/2025,05/13/2025,500,0.02,0.6701754385964912,2984.375,4453.125,18
504,05/24/2024,05/13/2025,05/13/2025,06/11/2025,1500,0.01,1.11864406779661,4125.0,3687.5,12
505,06/24/2024,06/11/2025,06/11/2025,07/10/2025,1000,0.01,0.6506024096385542,3375.0,5187.5,16
506,07/23/2024,07/10/2025,07/10/2025,08/07/2025,500,0.01,0.3224932249322493,1859.375,5765.625,21
507,08/21/2024,08/07/2025,08/07/2025,09/05/2025,500,0.01,0.09685230024213075,625.0,6453.125,21
508,09/18/2024,09/05/2025,09/05/2025,10/03/2025,1000,0.01,-0.07710843373493977,-500.0,6484.375,16
509,10/17/2024,10/03/2025,10/03/2025,11/03/2025,500,0.01,-0.2975391498881432,-2078.125,6984.375,22
510,11/14/2024,11/03/2025,11/03/2025,12/02/2025,500,0.01,-0.19910514541387025,-1390.625,6984.375,22
511,12/13/2024,12/02/2025,12/02/2025,01/02/2026,1500,0.02,-0.594488188976378,-4718.75,7937.5,8
512,01/15/2025,01/02/2026,01/02/2026,01/30/2026,500,0.01,-0.6554809843400448,-4578.125,6984.375,22
513,02/13/2025,01/30/2026,01/30/2026,03/02/2026,500,0.01,-0.3797752808988764,-2640.625,6953.125,20
514,03/14/2025,03/02/2026,03/02/2026,03/31/2026,500,0.01,-0.29085872576177285,-1640.625,5640.625,19
